first_name,last_name,document_type,document_number,phone_number,number_health_insurance,address_line,cp,province,city
Juan,González,DNI,12345678,987654321,456789,Calle Falsa 123,12345,Buenos Aires,La Plata
María,López,DNI,23456789,876543210,567890,Avenida Principal 456,23456,Córdoba,Córdoba
Carlos,Martínez,DNI,34567898,765432109,678901,Calle Mayor 789,34567,Santa Fe,Rosario
Laura,Rodríguez,DNI,45678902,654321098,789012,Avenida Central 012,45678,Mendoza,Mendoza
Luis,Pérez,DNI,56789018,543210987,890123,Calle Nueva 789,56789,Misiones,Posadas
Ana,Sánchez,DNI,67890123,432109876,901234,Avenida Vieja 234,67890,Salta,Salta
Pedro,Gómez,DNI,78901234,321098765,123456,Calle Principal 456,78901,San Juan,San Juan
Marta,Fernández,DNI,89012345,210987654,234567,Avenida Central 678,89012,Tucumán,San Miguel de Tucumán
Javier,Martínez,DNI,90123456,109876543,345678,Calle Nueva 901,90123,Formosa,Formosa
Isabel,García,DNI,12345667,987654322,4567899,Calle Otra 555,55555,Neuquén,Neuquén
Diego,Hernández,DNI,23456778,876543333,5678900,Avenida Nueva 777,77777,La Rioja,La Rioja
Natalia,Rojas,DNI,34567889,765432244,6789001,Calle Principal 111,11111,Catamarca,Catamarca
Hugo,Vargas,DNI,45678900,654322299,7890012,Avenida Principal 222,22222,San Luis,San Luis
Sofía,Díaz,DNI,56789011,543211133,8901123,Calle Vieja 333,33333,Chubut,Rawson
Lucía,López,DNI,56789013,543210988,8901234,Calle Nueva 790,56780,Misiones,Posadas
Manuel,Sánchez,DNI,67890124,432109877,9012345,Avenida Vieja 235,67891,Salta,Salta
Carolina,Gómez,DNI,78901235,321098766,1234567,Calle Principal 457,78902,San Juan,San Juan
Pablo,Fernández,DNI,89012346,210987655,2345678,Avenida Central 679,89013,Tucumán,San Miguel de Tucumán
Silvana,Martínez,DNI,90123457,109876544,3456789,Calle Nueva 902,90124,Formosa,Formosa
Ramón,García,DNI,12345668,987654323,4567890,Calle Otra 556,55556,Neuquén,Neuquén
Santiago,Hernández,DNI,23456779,876543334,5678901,Avenida Nueva 778,77778,La Rioja,La Rioja
Valeria,Rojas,DNI,34567890,765432245,6789002,Calle Principal 112,11112,Catamarca,Catamarca
Fernando,Vargas,DNI,45678901,654322200,7890013,Avenida Principal 223,22223,San Luis,San Luis
Elena,Díaz,DNI,56789012,543211134,8901124,Calle Vieja 334,33334,Chubut,Rawson
Roberto,Pérez,DNI,67890125,432109878,9012346,Avenida Vieja 236,67892,Salta,Salta
Camila,Gómez,DNI,78901236,321098767,1234568,Calle Principal 458,78903,San Juan,San Juan
Raúl,Fernández,DNI,89012347,210987656,2345679,Avenida Central 680,89014,Tucumán,San Miguel de Tucumán
Liliana,Martínez,DNI,90123458,109876545,3456790,Calle Nueva 903,90125,Formosa,Formosa
Miguel,García,DNI,12345669,987654324,4567891,Calle Otra 557,55557,Neuquén,Neuquén
Luisa,Hernández,DNI,23456780,876543335,5678902,Avenida Nueva 779,77779,La Rioja,La Rioja
Juan,Rojas,DNI,34567891,765432246,6789003,Calle Principal 113,11113,Catamarca,Catamarca
Marcelo,Vargas,DNI,45678932,654322201,7890014,Avenida Principal 224,22224,San Luis,San Luis
Alicia,Díaz,DNI,56789016,543211135,8901125,Calle Vieja 335,33335,Chubut,Rawson
Eduardo,Pérez,DNI,67890126,432109879,9012347,Avenida Vieja 237,67893,Salta,Salta
Laura,Gómez,DNI,78901237,321098768,1234569,Calle Principal 459,78904,San Juan,San Juan
Sergio,Fernández,DNI,89012348,210987657,2345680,Avenida Central 681,89015,Tucumán,San Miguel de Tucumán
Olga,Martínez,DNI,90123459,109876546,3456791,Calle Nueva 904,90126,Formosa,Formosa
Carlos,García,DNI,12345670,987654325,4567892,Calle Otra 558,55558,Neuquén,Neuquén
Marina,López,DNI,56789014,543210989,8901235,Calle Nueva 791,56781,Misiones,Posadas
Emilio,Sánchez,DNI,67890127,432109880,9012348,Avenida Vieja 238,67894,Salta,Salta
Jorge,Gómez,DNI,78901238,321098769,1234570,Calle Principal 460,78905,San Juan,San Juan
Lucas,Fernández,DNI,89012349,210987658,2345681,Avenida Central 682,89016,Tucumán,San Miguel de Tucumán
Laura,Martínez,DNI,90123460,109876547,3456792,Calle Nueva 905,90127,Formosa,Formosa
Carlos,García,DNI,12345671,987654326,4567893,Calle Otra 559,55559,Neuquén,Neuquén
Marcela,Hernández,DNI,23456781,876543336,5678903,Avenida Nueva 780,77780,La Rioja,La Rioja
Eduardo,Rojas,DNI,34567892,765432247,6789004,Calle Principal 114,11114,Catamarca,Catamarca
Mónica,Vargas,DNI,45678903,654322202,7890015,Avenida Principal 225,22225,San Luis,San Luis
Julián,Díaz,DNI,56789015,543211136,8901126,Calle Vieja 336,33336,Chubut,Rawson
Camilo,Pérez,DNI,67890128,432109881,9012349,Avenida Vieja 239,67895,Salta,Salta
Valentina,Gómez,DNI,78901239,321098770,1234571,Calle Principal 461,78906,San Juan,San Juan
Sebastián,Fernández,DNI,89012350,210987659,2345682,Avenida Central 683,89017,Tucumán,San Miguel de Tucumán
